CO_GT,PT08_S1_CO,NMHC_GT,C6H6_GT,PT08_S2_NMHC,NOx_GT,PT08_S3_NOx,NO2_GT,PT08_S4_NO2,PT08_S5_O3,Temperature,Relative_Humidity,Absolute_Humidity
0.23792332684587042,31.014653169231416,5.111370125961487e-13,1.0013121583653457,38.709698310443,32.840316739173105,40.99576072640196,8.045485336472183,54.26693514617451,71.81866642018547,0.8059805311561377,2.2841081110026042,0.028423910757158555
